{
  "timestamp": "2026-01-01T18:27:17.057837",
  "engine_status": "CRITICAL",
  "predictions": {
    "rul": 7.303644180297852,
    "drul": -0.9784867167472839,
    "rul_scaled": 5.842915344238282
  },
  "blender_values": {
    "Temperature": 590.364920791626,
    "Pressure": 0.6523244778315226,
    "RUL": 5.842915344238282,
    "vibration_intensity": 0.6523244778315226
  },
  "sensor_values": {
    "s_2": 550.58,
    "s_3": 1359.36,
    "s_4": 1133.66,
    "s_7": 138.61,
    "s_11": 42.45,
    "s_15": 9.4044
  }
}