{
  "rmse": 7.774143635484021,
  "mae": 5.412216663360596,
  "epochs_trained": 50,
  "training_time_minutes": 36.557915937900546
}