{
  "rmse": 2.886418431498513,
  "mae": 1.9959405660629272,
  "epochs_trained": 50,
  "training_time_minutes": 32.49321089585622
}